integrantes,unidad,programa,vinculacion,horas_dedicacion,url,grupo,inicio_vinculacion,fin_vinculacion,posgrade,clasification,id_scholar,h_index,articulos,capitulos,libros,softwares,innovaciones,trabajos_dirigidos
GERMAN ANDRES TORRES ESCOBAR,CENTRO REGIONAL BOGOTA,PSICOLOGÍA,Integrante,5,https://scienti.minciencias.gov.co/cvlac/visualizador/generarCurriculoCv.do?cod_rh=0000127713,AYELEN,2017-07-01, Actual,Maestría/Magister,Sin clasificar,NA,0,5,4,0,0,0,4
BENILDA LAYNE BERNAL,CENTRO REGIONAL BOGOTA,PSICOLOGÍA,Integrante,10,https://scienti.minciencias.gov.co/cvlac/visualizador/generarCurriculoCv.do?cod_rh=0000551988,AYELEN,2008-09-01, Actual,Maestría/Magister,Sin clasificar,c1XCBZ0AAAAJ,2,2,2,2,0,0,18
LAURA STELLA PARRA ESPITIA,CENTRO REGIONAL BOGOTA,LICENCIATURA EN EDUCACIÓN INFANTIL,Integrante,10,https://scienti.minciencias.gov.co/cvlac/visualizador/generarCurriculoCv.do?cod_rh=0001471845,AYELEN,2016-02-01, Actual,Maestría/Magister,Sin clasificar,NA,0,1,3,0,0,0,21
ROLAN CORREA LOPEZ,CENTRO REGIONAL BOGOTA,PSICOLOGÍA,Integrante,4,https://scienti.minciencias.gov.co/cvlac/visualizador/generarCurriculoCv.do?cod_rh=0001595362,AYELEN,2018-01-01, Actual,Maestría/Magister,Sin clasificar,NA,0,5,0,0,0,0,22
VIVIANA CARMENZA AVILA NAVARRETE,CENTRO REGIONAL BOGOTA,PSICOLOGÍA,Integrante,12,https://scienti.minciencias.gov.co/cvlac/visualizador/generarCurriculoCv.do?cod_rh=0001527700,AYELEN,2013-06-01, Actual,Maestría/Magister,Sin clasificar,pjSE_C0AAAAJ,2,3,0,1,0,0,44
HUBER YECID CASTRO ESCOBAR,CENTRO REGIONAL MONTERIA,LICENCIATURA EN EDUCACIÓN INFANTIL,Integrante,20,https://scienti.minciencias.gov.co/cvlac/visualizador/generarCurriculoCv.do?cod_rh=0000525693,CALIDAD DE VIDA,2014-08-01, Actual,Maestría/Magister,Sin clasificar,lOUtSkIAAAAJ&hl,0,3,1,0,0,0,10
ARGEMIRO JOSE AMAYA BUELVAS,CENTRO REGIONAL MONTERIA,PSICOLOGÍA,Integrante,10,https://scienti.minciencias.gov.co/cvlac/visualizador/generarCurriculoCv.do?cod_rh=0001294644,CALIDAD DE VIDA,2015-05-01, Actual,Maestría/Magister,Sin clasificar,FmH8nIkAAAAJ&hl,1,2,0,0,0,0,7
CARLOS RODRIGUEZ SANTOS,CENTRO REGIONAL MONTERIA,DERECHO,Integrante,12,https://scienti.minciencias.gov.co/cvlac/visualizador/generarCurriculoCv.do?cod_rh=0000763330,CALIDAD DE VIDA,2015-02-01, Actual,Especialización,Sin clasificar,NRo7HZIAAAAJ,1,0,1,0,0,0,5
LIVIA DIAZ GONZALEZ,CENTRO REGIONAL MONTERIA,PSICOLOGÍA,Integrante,10,https://scienti.minciencias.gov.co/cvlac/visualizador/generarCurriculoCv.do?cod_rh=0000945765,CALIDAD DE VIDA,2015-03-01, Actual,Doctorado,Sin clasificar,NA,0,0,0,0,0,0,31
MARIA CLAUDIA DIAZ SOTOMAYOR,CENTRO REGIONAL MONTERIA,PSICOLOGÍA,Integrante,4,https://scienti.minciencias.gov.co/cvlac/visualizador/generarCurriculoCv.do?cod_rh=0001445228,CALIDAD DE VIDA,2020-01-01, Actual,Maestría/Magister,Sin clasificar,NA,0,0,0,0,0,0,8
VICTOR TERAN REALES,Otro,Otro,Integrante,15,https://scienti.minciencias.gov.co/cvlac/visualizador/generarCurriculoCv.do?cod_rh=0000489573,CALIDAD DE VIDA,1996-03-01, Actual,Doctorado,Sin clasificar,kyNzB50AAAAJ,6,13,8,8,0,0,106
ESTELIO JOSE ANGULO,Otro,Otro,Integrante,20,https://scienti.minciencias.gov.co/cvlac/visualizador/generarCurriculoCv.do?cod_rh=0001629460,CALIDAD DE VIDA,2015-01-01, Actual,Doctorado,Investigador Senior (IS),Cw9U7VIAAAAJ,9,2,10,2,0,0,3
PAULJAVIER BEDOYA PASTRANA,Otro,Otro,Integrante,10,https://scienti.minciencias.gov.co/cvlac/visualizador/generarCurriculoCv.do?cod_rh=0001616270,CALIDAD DE VIDA,2016-06-01, Actual,Maestría/Magister,Sin clasificar,NA,0,1,3,0,0,0,7
CANDY LORENA CHAMORRO GONZALEZ,"FACULTAD DE CIENCIAS ADMINISTRATIVAS, ECONOMICAS Y CONTABLES",CONTADURÍA PÚBLICA,Integrante,6,https://scienti.minciencias.gov.co/cvlac/visualizador/generarCurriculoCv.do?cod_rh=0000087869,CONTAS,2019-02-01, Actual,Especialización,Sin clasificar,vOpE5gUAAAAJ&hl,4,7,3,0,0,0,14
MARIA VICTORIA AGUDELO VARGAS,"FACULTAD DE CIENCIAS ADMINISTRATIVAS, ECONOMICAS Y CONTABLES",CONTADURÍA PÚBLICA,Integrante,2,https://scienti.minciencias.gov.co/cvlac/visualizador/generarCurriculoCv.do?cod_rh=0000574961,CONTAS,2012-01-01, Actual,Doctorado,Investigador Junior (IJ),NA,0,3,3,0,0,3,1
ALBA LUCIA GOMEZ RAMIREZ,"FACULTAD DE CIENCIAS ADMINISTRATIVAS, ECONOMICAS Y CONTABLES",CONTADURÍA PÚBLICA,Integrante,13,https://scienti.minciencias.gov.co/cvlac/visualizador/generarCurriculoCv.do?cod_rh=0000512664,CONTAS,2017-01-01, Actual,Maestría/Magister,Sin clasificar,NA,0,0,3,0,0,0,8
FARLEY SARY ROJAS RESTREPO,"FACULTAD DE CIENCIAS ADMINISTRATIVAS, ECONOMICAS Y CONTABLES",CONTADURÍA PÚBLICA,Integrante,4,https://scienti.minciencias.gov.co/cvlac/visualizador/generarCurriculoCv.do?cod_rh=0000009209,CONTAS,2016-05-01, Actual,Maestría/Magister,Investigador Junior (IJ),Q0JvK8cAAAAJ,7,9,0,1,0,0,12
LEIDY PATRICIA RODRIGUEZ PINEROS,"FACULTAD DE CIENCIAS ADMINISTRATIVAS, ECONOMICAS Y CONTABLES",CONTADURÍA PÚBLICA,Integrante,2,https://scienti.minciencias.gov.co/cvlac/visualizador/generarCurriculoCv.do?cod_rh=0001836432,CONTAS,2020-06-01, Actual,Pregrado/Universitario,Sin clasificar,NA,0,0,0,0,0,0,3
LUZ MERY ORTIZ SANCHEZ,"FACULTAD DE CIENCIAS ADMINISTRATIVAS, ECONOMICAS Y CONTABLES",CONTADURÍA PÚBLICA,Integrante,0,https://scienti.minciencias.gov.co/cvlac/visualizador/generarCurriculoCv.do?cod_rh=0001322788,CONTAS,2019-01-01, Actual,Maestría/Magister,Sin clasificar,NA,0,4,0,0,0,0,6
MARIELA VELASQUEZ PEREZ,"FACULTAD DE CIENCIAS ADMINISTRATIVAS, ECONOMICAS Y CONTABLES",CONTADURÍA PÚBLICA,Integrante,8,https://scienti.minciencias.gov.co/cvlac/visualizador/generarCurriculoCv.do?cod_rh=0001500476,CONTAS,2019-01-01, Actual,CvLAC oculto,CvLAC oculto,NA,0,0,1,0,0,0,3
OLGA PATRICIA VASQUEZ MONTOYA,"FACULTAD DE CIENCIAS ADMINISTRATIVAS, ECONOMICAS Y CONTABLES",CONTADURÍA PÚBLICA,Integrante,2,https://scienti.minciencias.gov.co/cvlac/visualizador/generarCurriculoCv.do?cod_rh=0001409276,CONTAS,2015-02-01, Actual,Maestría/Magister,Sin clasificar,NA,0,1,0,0,0,0,1
RUBY STELLA CABRERA JARAMILLO,"FACULTAD DE CIENCIAS ADMINISTRATIVAS, ECONOMICAS Y CONTABLES",CONTADURÍA PÚBLICA,Integrante,4,https://scienti.minciencias.gov.co/cvlac/visualizador/generarCurriculoCv.do?cod_rh=0001580615,CONTAS,2019-02-01, Actual,Maestría/Magister,Sin clasificar,_Swwv5oAAAAJ,1,3,1,0,0,0,1
SOL BEATRIZ VELEZ ESCOBAR,"FACULTAD DE CIENCIAS ADMINISTRATIVAS, ECONOMICAS Y CONTABLES",CONTADURÍA PÚBLICA,Integrante,8,https://scienti.minciencias.gov.co/cvlac/visualizador/generarCurriculoCv.do?cod_rh=0001530033,CONTAS,2020-06-01, Actual,Maestría/Magister,Sin clasificar,NA,0,1,1,0,0,0,2
CARLOS EDUARDO CASTANO RIOS,Otro,Otro,Integrante,2,https://scienti.minciencias.gov.co/cvlac/visualizador/generarCurriculoCv.do?cod_rh=0001412587,CONTAS,2015-01-01, Actual,Maestría/Magister,Investigador Asociado (I),LRUmr_cAAAAJ,14,5,0,0,0,0,36
PEDRO LUIS DUQUE HURTADO,CENTRO REGIONAL MANIZALES,NEGOCIOS INTERNACIONALES,Integrante,4,https://scienti.minciencias.gov.co/cvlac/visualizador/generarCurriculoCv.do?cod_rh=0001488843,ECOSOL,2017-12-01, Actual,Maestría/Magister,Sin clasificar,tEPrd4IAAAAJ,7,10,2,0,0,0,13
MARIA ISABEL GUERRERO MOLINA,"FACULTAD DE CIENCIAS ADMINISTRATIVAS, ECONOMICAS Y CONTABLES",NEGOCIOS INTERNACIONALES,Integrante,0,https://scienti.minciencias.gov.co/cvlac/visualizador/generarCurriculoCv.do?cod_rh=0000514322,ECOSOL,2018-03-01, Actual,Doctorado,Sin clasificar,PXnaNH4AAAAJ,0,3,3,0,0,0,3
JAIME ANTERO ARANGO MARIN,CENTRO REGIONAL MANIZALES,ADMINISTRACIÓN DE EMPRESAS,Integrante,8,https://scienti.minciencias.gov.co/cvlac/visualizador/generarCurriculoCv.do?cod_rh=0000657247,ECOSOL,2018-01-01, Actual,Doctorado,Investigador Asociado (I),qn1Kr9EAAAAJ,7,0,0,0,2,0,4
LAURA ELENA ZAPATA JIMENEZ,"FACULTAD DE CIENCIAS ADMINISTRATIVAS, ECONOMICAS Y CONTABLES",ADMINISTRACIÓN DE EMPRESAS,Integrante,5,https://scienti.minciencias.gov.co/cvlac/visualizador/generarCurriculoCv.do?cod_rh=0000313220,ECOSOL,2016-07-01, Actual,Maestría/Magister,Sin clasificar,IjPj8zoAAAAJ,0,0,3,0,0,1,8
LUIS FERNANDO QUIROS ARANGO,"FACULTAD DE CIENCIAS ADMINISTRATIVAS, ECONOMICAS Y CONTABLES",ADMINISTRACIÓN DE EMPRESAS,Integrante,0,https://scienti.minciencias.gov.co/cvlac/visualizador/generarCurriculoCv.do?cod_rh=0001502345,ECOSOL,2017-02-01, Actual,Maestría/Magister,Sin clasificar,NA,0,2,3,0,0,0,1
MARTHA DEL SOCORRO ALZATE CARDENAS,"FACULTAD DE CIENCIAS ADMINISTRATIVAS, ECONOMICAS Y CONTABLES",ADMINISTRACIÓN DE EMPRESAS,Integrante,8,https://scienti.minciencias.gov.co/cvlac/visualizador/generarCurriculoCv.do?cod_rh=0000942367,ECOSOL,2014-02-01, Actual,Maestría/Magister,Investigador Asociado (I),bEZsTPUAAAAJ,2,1,2,3,0,0,50
OLGA LUCIA ARBOLEDA ALVAREZ,"FACULTAD DE CIENCIAS ADMINISTRATIVAS, ECONOMICAS Y CONTABLES",ADMINISTRACIÓN DE EMPRESAS,Integrante,20,https://scienti.minciencias.gov.co/cvlac/visualizador/generarCurriculoCv.do?cod_rh=0000066346,ECOSOL,1995-02-01, Actual,Maestría/Magister,Investigador Junior (IJ),94o7mbgAAAAJ,0,14,8,12,0,0,5
OSWALDO ANTONIO SALGADO CANAVERAL,"FACULTAD DE CIENCIAS ADMINISTRATIVAS, ECONOMICAS Y CONTABLES",ADMINISTRACIÓN DE EMPRESAS,Integrante,4,https://scienti.minciencias.gov.co/cvlac/visualizador/generarCurriculoCv.do?cod_rh=0001540063,ECOSOL,2013-06-01, Actual,Maestría/Magister,Sin clasificar,R1p685wAAAAJ,1,1,2,1,0,0,3
SEBASTIAN ROBLEDO GIRALDO,CENTRO REGIONAL MANIZALES,NEGOCIOS INTERNACIONALES,Integrante,8,https://scienti.minciencias.gov.co/cvlac/visualizador/generarCurriculoCv.do?cod_rh=0001430153,ECOSOL,2018-08-01, Actual,Doctorado,Investigador Junior (IJ),RGUTAfEAAAAJ,7,6,0,0,0,0,17
VICTORIA BLAQUISED RIVERA,"FACULTAD DE CIENCIAS ADMINISTRATIVAS, ECONOMICAS Y CONTABLES",ADMINISTRACIÓN DE EMPRESAS,Integrante,8,https://scienti.minciencias.gov.co/cvlac/visualizador/generarCurriculoCv.do?cod_rh=0000212407,ECOSOL,2013-06-01, Actual,Maestría/Magister,Sin clasificar,oZ4fX-IAAAAJ,0,0,4,0,0,1,27
CARMEN YSABEL MARTINEZ DE MERINO,FACULTAD DE EDUCACIÓN Y HUMANIDADES,LICENCIATURA EN EDUCACIÓN INFANTIL,Integrante,20,https://scienti.minciencias.gov.co/cvlac/visualizador/generarCurriculoCv.do?cod_rh=0000031091,"EDUCACION, INFANCIA Y LENGUAS EXTRANJERAS",2018-01-01, Actual,Doctorado,Investigador Senior (IS),a5eJhxMAAAAJ,3,5,0,0,0,0,4
MONICA MARIA ALVAREZ GALLEGO,FACULTAD DE EDUCACIÓN Y HUMANIDADES,LICENCIATURA EN EDUCACIÓN INFANTIL,Integrante,19,https://scienti.minciencias.gov.co/cvlac/visualizador/generarCurriculoCv.do?cod_rh=0001312596,"EDUCACION, INFANCIA Y LENGUAS EXTRANJERAS",2014-02-01, Actual,Maestría/Magister,Sin clasificar,sw3ZQ-kAAAAJ,3,6,1,0,0,0,26
ADRIANA MARIA GALLEGO HENAO,FACULTAD DE EDUCACIÓN Y HUMANIDADES,LICENCIATURA EN EDUCACIÓN INFANTIL,Integrante,18,https://scienti.minciencias.gov.co/cvlac/visualizador/generarCurriculoCv.do?cod_rh=0000961124,"EDUCACION, INFANCIA Y LENGUAS EXTRANJERAS",2007-02-01, Actual,Maestría/Magister,Investigador Asociado (I),zts5sHIAAAAJ,9,22,4,0,0,0,38
JOSE FEDERICO AGUDELO TORRES,FACULTAD DE EDUCACIÓN Y HUMANIDADES,LICENCIATURA EN EDUCACIÓN INFANTIL,Integrante,8,https://scienti.minciencias.gov.co/cvlac/visualizador/generarCurriculoCv.do?cod_rh=0001509155,"EDUCACION, INFANCIA Y LENGUAS EXTRANJERAS",2014-02-01, Actual,Maestría/Magister,Investigador Junior (IJ),RHbX7ioAAAAJ,4,9,15,1,0,0,1
JOSE VICENTE ABAD OLAYA,FACULTAD DE EDUCACIÓN Y HUMANIDADES,LICENCIATURA LENGUAS EXTRANJERAS CON ÉNFASIS EN INGLÉS,Integrante,21,https://scienti.minciencias.gov.co/cvlac/visualizador/generarCurriculoCv.do?cod_rh=0001367136,"EDUCACION, INFANCIA Y LENGUAS EXTRANJERAS",2013-03-01, Actual,Maestría/Magister,Sin clasificar,trVcxggAAAAJ&hl,4,4,5,0,0,0,35
JOSE WILMAR PINO MONTOYA,FACULTAD DE EDUCACIÓN Y HUMANIDADES,LICENCIATURA EN EDUCACIÓN INFANTIL,Integrante,22,https://scienti.minciencias.gov.co/cvlac/visualizador/generarCurriculoCv.do?cod_rh=0001236733,"EDUCACION, INFANCIA Y LENGUAS EXTRANJERAS",2013-06-01, Actual,Doctorado,Investigador Asociado (I),LhNZ3BgAAAAJ&hl,10,13,4,1,0,0,17
OSCAR PELAEZ HENAO,FACULTAD DE EDUCACIÓN Y HUMANIDADES,LICENCIATURA LENGUAS EXTRANJERAS CON ÉNFASIS EN INGLÉS,Integrante,8,https://scienti.minciencias.gov.co/cvlac/visualizador/generarCurriculoCv.do?cod_rh=0000011178,"EDUCACION, INFANCIA Y LENGUAS EXTRANJERAS",2014-02-01, Actual,Maestría/Magister,Sin clasificar,WasxVdYAAAAJ&hl,3,3,0,0,0,0,0
SONIA RUTH QUINTERO ARRUBLA,FACULTAD DE EDUCACIÓN Y HUMANIDADES,LICENCIATURA EN EDUCACIÓN INFANTIL,Integrante,8,https://scienti.minciencias.gov.co/cvlac/visualizador/generarCurriculoCv.do?cod_rh=0001490544,"EDUCACION, INFANCIA Y LENGUAS EXTRANJERAS",2017-01-01, Actual,Maestría/Magister,Investigador Asociado (I),Bo9j0C0AAAAJ&hl,5,8,1,0,0,0,13
LEISY MAGDALI ARROYAVE TABORDA,ESCUELA DE POSGRADOS,MAESTRÍA EN EDUCACIÓN,Integrante,8,https://scienti.minciencias.gov.co/cvlac/visualizador/generarCurriculoCv.do?cod_rh=0000113376,"EDUCACION, INFANCIA Y LENGUAS EXTRANJERAS",2021-01-01, Actual,Maestría/Magister,Sin clasificar,KVBCFWkAAAAJ&hl,2,7,0,0,0,0,1
YUSTY CAROLINA RESTREPO SEGURA,ESCUELA DE POSGRADOS,MAESTRÍA EN INTERVENCIONES PSICOSOCIALES,Integrante,0; 0; 0; 0,https://scienti.minciencias.gov.co/cvlac/visualizador/generarCurriculoCv.do?cod_rh=0001642056,"EDUCACION, INFANCIA Y LENGUAS EXTRANJERAS; FARMACODEPENDENCIA Y OTRAS ADICCIONES",2019-01-01; 2020-02-01, Actual,Maestría/Magister,Sin clasificar,BhyHthYAAAAJ,2,4; 3,0; 0,0; 0,0; 0,0; 0,0; 0
JOSE ALCIDES CASTRO ACEVEDO,CENTRO REGIONAL MANIZALES,PSICOLOGÍA,Integrante,10,https://scienti.minciencias.gov.co/cvlac/visualizador/generarCurriculoCv.do?cod_rh=0001344426,ESTUDIOS DE FENOMENOS PSICOSOCIALES,2018-01-01, Actual,Doctorado,Sin clasificar,-RwHy5gAAAAJ,0,0,1,0,0,0,10
KATY LUZ MILLAN OTERO,FACULTAD DE PSICOLOGIA Y CIENCIAS SOCIALES,PSICOLOGÍA,Integrante,5,https://scienti.minciencias.gov.co/cvlac/visualizador/generarCurriculoCv.do?cod_rh=0000107163,ESTUDIOS DE FENOMENOS PSICOSOCIALES,2016-07-01, Actual,Maestría/Magister,Sin clasificar,C9ZdWuEAAAAJ,2,5,2,0,0,0,42
MAGDA VICTORIA DIAZ ALZATE,FACULTAD DE PSICOLOGIA Y CIENCIAS SOCIALES,PSICOLOGÍA,Integrante,10,https://scienti.minciencias.gov.co/cvlac/visualizador/generarCurriculoCv.do?cod_rh=0000007210,ESTUDIOS DE FENOMENOS PSICOSOCIALES,2015-05-01, Actual,Maestría/Magister,Investigador Junior (IJ),GsRFkT8AAAAJ,4,10,3,1,0,0,23
MARIA CRISTINA CORREA DUQUE,CENTRO REGIONAL MANIZALES,PSICOLOGÍA,Integrante,9,https://scienti.minciencias.gov.co/cvlac/visualizador/generarCurriculoCv.do?cod_rh=0001632953,ESTUDIOS DE FENOMENOS PSICOSOCIALES,2017-02-01, Actual,Maestría/Magister,Sin clasificar,SosfQ4QAAAAJ&hl,3,3,0,0,0,0,0
PAULA VANESSA SANCHEZ AGUDELO,CENTRO REGIONAL MANIZALES,PSICOLOGÍA,Integrante,10,https://scienti.minciencias.gov.co/cvlac/visualizador/generarCurriculoCv.do?cod_rh=0001453945,ESTUDIOS DE FENOMENOS PSICOSOCIALES,2013-02-01, Actual,Doctorado,Sin clasificar,IiNO1TwAAAAJ,5,4,1,0,0,0,3
SANDRA ISABEL MEJIA ZAPATA,FACULTAD DE PSICOLOGIA Y CIENCIAS SOCIALES,PSICOLOGÍA,Integrante,10,https://scienti.minciencias.gov.co/cvlac/visualizador/generarCurriculoCv.do?cod_rh=0000575917,ESTUDIOS DE FENOMENOS PSICOSOCIALES,2016-01-01, Actual,Maestría/Magister,Investigador Asociado (I),jsQSXroAAAAJ,3,5,0,1,0,22,32
NICOLASA MARIA DURAN PALACIO,FACULTAD DE PSICOLOGIA Y CIENCIAS SOCIALES,PSICOLOGÍA,Integrante,10,https://scienti.minciencias.gov.co/cvlac/visualizador/generarCurriculoCv.do?cod_rh=0000328774,ESTUDIOS DE FENOMENOS PSICOSOCIALES,2013-06-01, Actual,Doctorado,Investigador Asociado (I),ULpZsLAAAAAJ&hl,7,21,6,1,0,0,14
CAROLINA VALDES HENAO,CENTRO REGIONAL MANIZALES,PSICOLOGÍA,Integrante,5,https://scienti.minciencias.gov.co/cvlac/visualizador/generarCurriculoCv.do?cod_rh=0001561422,ESTUDIOS DE FENOMENOS PSICOSOCIALES,2015-02-01, Actual,Maestría/Magister,Sin clasificar,r-CYB90AAAAJ&hl,2,3,0,1,0,0,13
HEIDI SMITH PULIDO VARON,FACULTAD DE PSICOLOGIA Y CIENCIAS SOCIALES,PSICOLOGÍA,Integrante,5,https://scienti.minciencias.gov.co/cvlac/visualizador/generarCurriculoCv.do?cod_rh=0001455249,ESTUDIOS DE FENOMENOS PSICOSOCIALES,2015-10-01, Actual,Maestría/Magister,Investigador Junior (IJ),5ZIDAcEAAAAJ&hl,1,5,3,0,0,0,30
HERWIN EDUARDO CARDONA QUITIAN,FACULTAD DE PSICOLOGIA Y CIENCIAS SOCIALES,PSICOLOGÍA,Integrante,4,https://scienti.minciencias.gov.co/cvlac/visualizador/generarCurriculoCv.do?cod_rh=0000987751,ESTUDIOS DE FENOMENOS PSICOSOCIALES,2017-01-01, Actual,Maestría/Magister,Investigador Asociado (I),Ojpa1lAAAAAJ&hl,3,4,1,0,0,0,2
JAIRO GUTIERREZ AVENDANO,DEPARTAMENTO DE IDIOMAS,LICENCIATURA LENGUAS EXTRANJERAS CON ÉNFASIS EN INGLÉS,Integrante,8,https://scienti.minciencias.gov.co/cvlac/visualizador/generarCurriculoCv.do?cod_rh=0000810339,ESTUDIOS DE FENOMENOS PSICOSOCIALES,2014-07-01, Actual,Doctorado,Investigador Asociado (I),NA,0,9,3,1,0,0,1
JOHN HARVY ARCIA GRAJALES,CENTRO REGIONAL MANIZALES,PSICOLOGÍA,Integrante,10,https://scienti.minciencias.gov.co/cvlac/visualizador/generarCurriculoCv.do?cod_rh=0000150398,ESTUDIOS DE FENOMENOS PSICOSOCIALES,2018-01-01, Actual,Maestría/Magister,Sin clasificar,dyMWHucAAAAJ&hl,3,2,0,0,0,0,11
JOHN JAIRO GARCIA PENA,FACULTAD DE PSICOLOGIA Y CIENCIAS SOCIALES,PSICOLOGÍA,Integrante,6,https://scienti.minciencias.gov.co/cvlac/visualizador/generarCurriculoCv.do?cod_rh=0001346821,ESTUDIOS DE FENOMENOS PSICOSOCIALES,2012-01-01, Actual,Maestría/Magister,Investigador Asociado (I),iXbqjRQAAAAJ,4,11,1,3,0,22,21
EDISON FRANCISCO VIVEROS CHAVARRIA,FACULTAD DE PSICOLOGIA Y CIENCIAS SOCIALES,PSICOLOGÍA,Integrante,8,https://scienti.minciencias.gov.co/cvlac/visualizador/generarCurriculoCv.do?cod_rh=0000409847,FAMILIA DESARROLLO Y CALIDAD DE VIDA,2003-02-01, Actual,Maestría/Magister,Investigador Asociado (I),00wsl70AAAAJ&hl,12,33,1,7,0,0,143
ANGELA MARITZA LOPERA JARAMILLO,FACULTAD DE PSICOLOGIA Y CIENCIAS SOCIALES,PSICOLOGÍA,Integrante,6,https://scienti.minciencias.gov.co/cvlac/visualizador/generarCurriculoCv.do?cod_rh=0001357119,FAMILIA DESARROLLO Y CALIDAD DE VIDA,2017-01-01, Actual,Maestría/Magister,Sin clasificar,NA,0,1,0,0,0,0,0
CAROLINA VASQUEZ LOPEZ,FACULTAD DE PSICOLOGIA Y CIENCIAS SOCIALES,ACTIVIDAD FÍSICA Y DEPORTE,Integrante,0,https://scienti.minciencias.gov.co/cvlac/visualizador/generarCurriculoCv.do?cod_rh=0001725420,FAMILIA DESARROLLO Y CALIDAD DE VIDA,2020-01-01, Actual,Maestría/Magister,Sin clasificar,NA,0,1,0,0,0,0,0
LEDY MARYORY BEDOYA CARDONA,FACULTAD DE PSICOLOGIA Y CIENCIAS SOCIALES,DESARROLLO FAMILIAR,Integrante,8,https://scienti.minciencias.gov.co/cvlac/visualizador/generarCurriculoCv.do?cod_rh=0001559954,FAMILIA DESARROLLO Y CALIDAD DE VIDA,2017-01-01, Actual,Maestría/Magister,Sin clasificar,6vKCOHYAAAAJ&hl,4,2,0,1,0,0,0
OVIDIO HERRERA RIVERA,FACULTAD DE PSICOLOGIA Y CIENCIAS SOCIALES,DESARROLLO FAMILIAR,Integrante,12,https://scienti.minciencias.gov.co/cvlac/visualizador/generarCurriculoCv.do?cod_rh=0001410679,FAMILIA DESARROLLO Y CALIDAD DE VIDA,2011-02-01, Actual,Doctorado,Investigador Junior (IJ),gcjNnGEAAAAJ&hl,3,9,0,2,0,0,2
PAULA ANDREA SERNA CARMONA,CENTRO REGIONAL MANIZALES,PSICOLOGÍA,Integrante,0,https://scienti.minciencias.gov.co/cvlac/visualizador/generarCurriculoCv.do?cod_rh=0000037767,FAMILIA DESARROLLO Y CALIDAD DE VIDA,2019-02-01, Actual,Maestría/Magister,Sin clasificar,NA,0,0,1,0,0,0,0
ALEXANDER RODRIGUEZ BUSTAMANTE,FACULTAD DE PSICOLOGIA Y CIENCIAS SOCIALES,PSICOLOGÍA,Integrante,8; 4; 8; 4,https://scienti.minciencias.gov.co/cvlac/visualizador/generarCurriculoCv.do?cod_rh=0001325256,FAMILIA DESARROLLO Y CALIDAD DE VIDA; FARMACODEPENDENCIA Y OTRAS ADICCIONES,2010-02-01; 2019-01-01, Actual,Maestría/Magister,Investigador Junior (IJ),F2CwSh0AAAAJ,12,13; 10,5; 1,3; 1,0; 0,0; 0,34; 12
DUBIS MARCELA RINCON BARRETO,FACULTAD DE PSICOLOGIA Y CIENCIAS SOCIALES,PSICOLOGÍA,Integrante,6,https://scienti.minciencias.gov.co/cvlac/visualizador/generarCurriculoCv.do?cod_rh=0000991864,FARMACODEPENDENCIA Y OTRAS ADICCIONES,2018-01-01, Actual,Maestría/Magister,Sin clasificar,eHauI0IAAAAJ,1,12,0,0,0,0,8
SANDRA MILENA RESTREPO ESCOBAR,FACULTAD DE PSICOLOGIA Y CIENCIAS SOCIALES,PSICOLOGÍA,Integrante,6,https://scienti.minciencias.gov.co/cvlac/visualizador/generarCurriculoCv.do?cod_rh=0001443659,FARMACODEPENDENCIA Y OTRAS ADICCIONES,2012-09-01, Actual,Maestría/Magister,Investigador Asociado (I),xCRCMooAAAAJ,5,14,8,1,0,0,5
DAVID IGNACIO MOLINA VELASQUEZ,FACULTAD DE PSICOLOGIA Y CIENCIAS SOCIALES,PSICOLOGÍA,Integrante,2,https://scienti.minciencias.gov.co/cvlac/visualizador/generarCurriculoCv.do?cod_rh=0000985201,FARMACODEPENDENCIA Y OTRAS ADICCIONES,2020-01-01, Actual,Maestría/Magister,Sin clasificar,r1I0YJYAAAAJ,5,1,1,3,0,33,0
ELIZA KRATC GIL,FACULTAD DE PSICOLOGIA Y CIENCIAS SOCIALES,PSICOLOGÍA,Integrante,5,https://scienti.minciencias.gov.co/cvlac/visualizador/generarCurriculoCv.do?cod_rh=0000068433,FARMACODEPENDENCIA Y OTRAS ADICCIONES,2018-02-01, Actual,Maestría/Magister,Sin clasificar,I8eYYScAAAAJ,0,0,0,3,0,40,0
GLORIA CECILIA CARDONA RIOS,FACULTAD DE PSICOLOGIA Y CIENCIAS SOCIALES,PSICOLOGÍA,Integrante,5,https://scienti.minciencias.gov.co/cvlac/visualizador/generarCurriculoCv.do?cod_rh=0001677974,FARMACODEPENDENCIA Y OTRAS ADICCIONES,2018-02-01, Actual,Maestría/Magister,Sin clasificar,iR3xAfEAAAAJ,1,0,0,3,0,41,0
GLORIA MARIA LOPEZ ARBOLEDA,ESCUELA DE POSGRADOS,DOCTORADO EN ESTUDIOS INTERDISCIPLINARIOS EN PSICOLOGÍA,Integrante,0,https://scienti.minciencias.gov.co/cvlac/visualizador/generarCurriculoCv.do?cod_rh=0000786349,FARMACODEPENDENCIA Y OTRAS ADICCIONES,2020-06-01, Actual,Doctorado,Investigador Asociado (I),BfjlQ8QAAAAJ,3,2,0,0,0,0,0
JORGE HERNAN GONZALEZ CORTES,CENTRO REGIONAL MANIZALES,PSICOLOGÍA,Integrante,2,https://scienti.minciencias.gov.co/cvlac/visualizador/generarCurriculoCv.do?cod_rh=0000110413,FARMACODEPENDENCIA Y OTRAS ADICCIONES,2020-02-01, Actual,Maestría/Magister,Sin clasificar,WPEpjKwAAAAJ,0,0,1,0,0,0,6
JUAN SEBASTIAN MARIN RODRIGUEZ,FACULTAD DE PSICOLOGIA Y CIENCIAS SOCIALES,PSICOLOGÍA,Integrante,0,https://scienti.minciencias.gov.co/cvlac/visualizador/generarCurriculoCv.do?cod_rh=0001638637,FARMACODEPENDENCIA Y OTRAS ADICCIONES,2020-06-01, Actual,Maestría/Magister,Sin clasificar,NA,0,1,0,0,0,0,0
LINA MARIA GALLEGO RAMIREZ,FACULTAD DE PSICOLOGIA Y CIENCIAS SOCIALES,PSICOLOGÍA,Integrante,0,https://scienti.minciencias.gov.co/cvlac/visualizador/generarCurriculoCv.do?cod_rh=0001419926,FARMACODEPENDENCIA Y OTRAS ADICCIONES,2020-06-01, Actual,Maestría/Magister,Investigador Senior (IS),mCT8CTsAAAAJ,3,0,0,0,0,0,0
LUCAS DAVILA CANAS,CENTRO REGIONAL APARTADO,PSICOLOGÍA,Integrante,5,https://scienti.minciencias.gov.co/cvlac/visualizador/generarCurriculoCv.do?cod_rh=0001487405,FARMACODEPENDENCIA Y OTRAS ADICCIONES,2019-01-01, Actual,Maestría/Magister,Sin clasificar,R5D6vOoAAAAJ,2,4,1,0,0,0,0
LUISA FERNANDA CORREA PEREZ,ESCUELA DE POSGRADOS,ESPECIALIZACIÓN EN NEUROPSICOPEDAGOGÍA INFANTIL,Integrante,4,https://scienti.minciencias.gov.co/cvlac/visualizador/generarCurriculoCv.do?cod_rh=0000000418,FARMACODEPENDENCIA Y OTRAS ADICCIONES,2019-07-01, Actual,Maestría/Magister,Sin clasificar,NA,0,3,1,0,0,0,1
MARIA VICTORIA RESTREPO TOBON,FACULTAD DE PSICOLOGIA Y CIENCIAS SOCIALES,PSICOLOGÍA,Integrante,0,https://scienti.minciencias.gov.co/cvlac/visualizador/generarCurriculoCv.do?cod_rh=0000011235,FARMACODEPENDENCIA Y OTRAS ADICCIONES,2019-01-01, Actual,Maestría/Magister,Sin clasificar,--wUpK0AAAAJ&hl,0,0,1,3,0,33,18
JULIANALEJANDRO GAVIRIA LOPEZ,Otro,Otro,Integrante,0,https://scienti.minciencias.gov.co/cvlac/visualizador/generarCurriculoCv.do?cod_rh=0001078674,FARMACODEPENDENCIA Y OTRAS ADICCIONES,2020-02-01, Actual,Doctorado,Sin clasificar,NA,0,0,0,0,0,0,0
MARICELLY GOMEZ VARGAS,Otro,Otro,Integrante,6,https://scienti.minciencias.gov.co/cvlac/visualizador/generarCurriculoCv.do?cod_rh=0001142755,FARMACODEPENDENCIA Y OTRAS ADICCIONES,2018-02-01, Actual,Maestría/Magister,Investigador Junior (IJ),XNkEWKgAAAAJ,6,4,0,0,0,0,2
OLENA KLIMENKO KLIMENKO,Otro,Otro,Integrante,4,https://scienti.minciencias.gov.co/cvlac/visualizador/generarCurriculoCv.do?cod_rh=0000757896,FARMACODEPENDENCIA Y OTRAS ADICCIONES,2018-02-01, Actual,Doctorado,Investigador Asociado (I),0r6pOxoAAAAJ,12,6,0,0,0,0,21
ANDRES ALFREDO CASTRILLON CASTRILLON,FACULTAD DE EDUCACIÓN Y HUMANIDADES,FILOSOFÍA,Integrante,5,https://scienti.minciencias.gov.co/cvlac/visualizador/generarCurriculoCv.do?cod_rh=0001010859,FILOSOFIA Y TEOLOGIA CRITICA,2013-02-01, Actual,Maestría/Magister,Sin clasificar,9OSinr4AAAAJ&hl,3,5,1,0,0,0,7
DAVID ESTEBAN ZULUAGA MESA,FACULTAD DE EDUCACIÓN Y HUMANIDADES,FILOSOFÍA,Integrante,15,https://scienti.minciencias.gov.co/cvlac/visualizador/generarCurriculoCv.do?cod_rh=0000904473,FILOSOFIA Y TEOLOGIA CRITICA,2006-02-01, Actual,Doctorado,Investigador Asociado (I),09VhuCYAAAAJ,1,10,5,3,0,0,11
DANIEL ESTEBAN QUIROZ OSPINA,FACULTAD DE EDUCACIÓN Y HUMANIDADES,FILOSOFÍA,Integrante,3,https://scienti.minciencias.gov.co/cvlac/visualizador/generarCurriculoCv.do?cod_rh=0000075174,FILOSOFIA Y TEOLOGIA CRITICA,2018-01-01, Actual,Maestría/Magister,Sin clasificar,NA,0,0,1,0,0,0,0
JUAN SEBASTIAN HERNANDEZ VALENCIA,FACULTAD DE EDUCACIÓN Y HUMANIDADES,TEOLOGÍA,Integrante,10,https://scienti.minciencias.gov.co/cvlac/visualizador/generarCurriculoCv.do?cod_rh=0001592411,FILOSOFIA Y TEOLOGIA CRITICA,2018-01-01, Actual,Maestría/Magister,Sin clasificar,YulZHwUAAAAJ,0,4,0,0,0,0,1
LINA MARCELA DE LA MILAGROSA CADAVID RAMIREZ,FACULTAD DE EDUCACIÓN Y HUMANIDADES,FILOSOFÍA,Integrante,11,https://scienti.minciencias.gov.co/cvlac/visualizador/generarCurriculoCv.do?cod_rh=0000883891,FILOSOFIA Y TEOLOGIA CRITICA,2010-06-01, Actual,Doctorado,Investigador Asociado (I),NA,0,13,1,2,0,0,24
MANUEL DAVID GOMEZ ERAZO,FACULTAD DE EDUCACIÓN Y HUMANIDADES,TEOLOGÍA,Integrante,12,https://scienti.minciencias.gov.co/cvlac/visualizador/generarCurriculoCv.do?cod_rh=0000070095,FILOSOFIA Y TEOLOGIA CRITICA,2018-01-01, Actual,Especialización,Sin clasificar,ZN11BuUAAAAJ,1,0,0,0,0,0,10
ANDRES ESCOBAR VASQUEZ,"FACULTAD DE COMUNICACIÓN, PUBLICIDAD Y DISEÑO",PUBLICIDAD,Integrante,10,https://scienti.minciencias.gov.co/cvlac/visualizador/generarCurriculoCv.do?cod_rh=0001534028,FILOSOFIA Y TEOLOGIA CRITICA,2021-01-01, Actual,Maestría/Magister,Sin clasificar,HgkxSmsAAAAJ,1,2,0,0,0,0,0
JORMARIS MARTINEZ GOMEZ,"FACULTAD DE CIENCIAS ADMINISTRATIVAS, ECONOMICAS Y CONTABLES",ADMINISTRACIÓN DE EMPRESAS,Integrante,30,https://scienti.minciencias.gov.co/cvlac/visualizador/generarCurriculoCv.do?cod_rh=0000045977,GORAS,2014-05-01, Actual,Doctorado,Investigador Senior (IS),3vFUn4wAAAAJ,7,4,0,0,1,24,20
LUIS FERNANDO QUINTERO ARANGO,"FACULTAD DE CIENCIAS ADMINISTRATIVAS, ECONOMICAS Y CONTABLES",ADMINISTRACIÓN DE EMPRESAS,Integrante,15,https://scienti.minciencias.gov.co/cvlac/visualizador/generarCurriculoCv.do?cod_rh=0001338621,GORAS,2015-07-01, Actual,Doctorado,Investigador Asociado (I),vu06sqwAAAAJ,5,12,5,1,1,25,3
ANA LUCILA POLO SALCEDO,FACULTAD DE PSICOLOGIA Y CIENCIAS SOCIALES,PSICOLOGÍA,Integrante,10,https://scienti.minciencias.gov.co/cvlac/visualizador/generarCurriculoCv.do?cod_rh=0001660088,GORAS,2019-01-01, Actual,Especialización,Sin clasificar,NA,0,0,0,0,0,1,0
ANA MARIA CHAUX GUTIERREZ,"FACULTAD DE CIENCIAS ADMINISTRATIVAS, ECONOMICAS Y CONTABLES",GASTRONOMÍA,Integrante,18,https://scienti.minciencias.gov.co/cvlac/visualizador/generarCurriculoCv.do?cod_rh=0001372410,GORAS,2020-02-01, Actual,Doctorado,Investigador Junior (IJ),ZBh57LoAAAAJ,5,0,0,0,0,0,0
DANIEL MUNOZ QUINTERO,"FACULTAD DE CIENCIAS ADMINISTRATIVAS, ECONOMICAS Y CONTABLES",GASTRONOMÍA,Integrante,20,https://scienti.minciencias.gov.co/cvlac/visualizador/generarCurriculoCv.do?cod_rh=0001660142,GORAS,2019-02-01, Actual,Técnico,Sin clasificar,Fp-EtWwAAAAJ,0,1,0,0,0,0,0
JAIME ALBERTO BELTRAN RIOS,"FACULTAD DE CIENCIAS ADMINISTRATIVAS, ECONOMICAS Y CONTABLES",ADMINISTRACIÓN DE EMPRESAS,Integrante,10,https://scienti.minciencias.gov.co/cvlac/visualizador/generarCurriculoCv.do?cod_rh=0001434708,GORAS,2015-05-01, Actual,Maestría/Magister,Investigador Asociado (I),bjYfxdwAAAAJ,3,3,0,1,0,12,24
JAMES ALBERTO MARULANDA PATINO,"FACULTAD DE CIENCIAS ADMINISTRATIVAS, ECONOMICAS Y CONTABLES",ADMINISTRACIÓN DE EMPRESAS,Integrante,14,https://scienti.minciencias.gov.co/cvlac/visualizador/generarCurriculoCv.do?cod_rh=0001455988,GORAS,2016-01-01, Actual,Maestría/Magister,Investigador Asociado (I),NA,0,0,0,0,0,9,21
JORGE IVAN JIMENEZ SANCHEZ,"FACULTAD DE CIENCIAS ADMINISTRATIVAS, ECONOMICAS Y CONTABLES",ADMINISTRACIÓN DE EMPRESAS,Integrante,5,https://scienti.minciencias.gov.co/cvlac/visualizador/generarCurriculoCv.do?cod_rh=0000006821,GORAS,2016-02-01, Actual,Maestría/Magister,Investigador Junior (IJ),FF97f1MAAAAJ,10,5,1,1,0,0,0
JOSE ANTONIO LOPEZ GIRALDO,"FACULTAD DE CIENCIAS ADMINISTRATIVAS, ECONOMICAS Y CONTABLES",ADMINISTRACIÓN DE EMPRESAS,Integrante,6,https://scienti.minciencias.gov.co/cvlac/visualizador/generarCurriculoCv.do?cod_rh=0000038887,GORAS,2015-02-01, Actual,Maestría/Magister,Investigador Asociado (I),jCYg-jsAAAAJ,4,4,0,1,0,12,24
MAURICIO ALEJANDRO BEDOYA JIMENEZ,"FACULTAD DE CIENCIAS ADMINISTRATIVAS, ECONOMICAS Y CONTABLES",ADMINISTRACIÓN DE EMPRESAS,Integrante,6,https://scienti.minciencias.gov.co/cvlac/visualizador/generarCurriculoCv.do?cod_rh=0001429266,GORAS,2016-01-01, Actual,Maestría/Magister,Sin clasificar,wDY8t8gAAAAJ,1,2,0,0,0,3,1
MONICA ELIANA ARISTIZABAL VELASQUEZ,"FACULTAD DE CIENCIAS ADMINISTRATIVAS, ECONOMICAS Y CONTABLES",ADMINISTRACIÓN DE EMPRESAS,Integrante,30,https://scienti.minciencias.gov.co/cvlac/visualizador/generarCurriculoCv.do?cod_rh=0000324990,GORAS,2017-01-01, Actual,Maestría/Magister,Sin clasificar,NA,0,0,0,0,1,8,5
NESTOR EDUARDO FLOREZ OVIEDO,"FACULTAD DE CIENCIAS ADMINISTRATIVAS, ECONOMICAS Y CONTABLES",ADMINISTRACIÓN DE EMPRESAS,Integrante,30,https://scienti.minciencias.gov.co/cvlac/visualizador/generarCurriculoCv.do?cod_rh=0001452620,GORAS,2018-01-01, Actual,Maestría/Magister,Sin clasificar,3oUj4vUAAAAJ,1,2,0,0,0,0,5
SANDRA MILENA MALAVERA PINEDA,"FACULTAD DE CIENCIAS ADMINISTRATIVAS, ECONOMICAS Y CONTABLES",ADMINISTRACIÓN DE EMPRESAS,Integrante,32,https://scienti.minciencias.gov.co/cvlac/visualizador/generarCurriculoCv.do?cod_rh=0001340431,GORAS,2017-02-01, Actual,Maestría/Magister,Sin clasificar,qvBehKYAAAAJ,1,1,3,0,1,2,3
SEBASTIAN ARIAS GIRALDO,CENTRO REGIONAL MANIZALES,NEGOCIOS INTERNACIONALES,Integrante,25,https://scienti.minciencias.gov.co/cvlac/visualizador/generarCurriculoCv.do?cod_rh=0000014056,GORAS,2018-01-01, Actual,Maestría/Magister,Investigador Junior (IJ),V3rISaoAAAAJ,3,5,3,0,0,0,0
SINDY YULIANA GALLEGO TAVERA,FACULTAD DE PSICOLOGIA Y CIENCIAS SOCIALES,PSICOLOGÍA,Integrante,20,https://scienti.minciencias.gov.co/cvlac/visualizador/generarCurriculoCv.do?cod_rh=0000100101,GORAS,2017-01-01, Actual,CvLAC oculto,CvLAC oculto,YNwDcOcAAAAJ,2,0,0,0,0,4,0
SUGEY ELENA ANAYA GARCIA,"FACULTAD DE CIENCIAS ADMINISTRATIVAS, ECONOMICAS Y CONTABLES",GASTRONOMÍA,Integrante,10,https://scienti.minciencias.gov.co/cvlac/visualizador/generarCurriculoCv.do?cod_rh=0000154141,GORAS,2017-01-01, Actual,Maestría/Magister,Sin clasificar,qPSF-CgAAAAJ,0,2,0,0,0,0,0
UBEIMAR AURELIO OSORIO ATEHORTUA,"FACULTAD DE CIENCIAS ADMINISTRATIVAS, ECONOMICAS Y CONTABLES",ADMINISTRACIÓN DE EMPRESAS,Integrante,33,https://scienti.minciencias.gov.co/cvlac/visualizador/generarCurriculoCv.do?cod_rh=0001370943,GORAS,2017-06-01, Actual,Maestría/Magister,Investigador Asociado (I),MTw3GSYAAAAJ,1,1,0,0,1,11,4
VICTOR HUGO MERINO CORDOBA,"FACULTAD DE CIENCIAS ADMINISTRATIVAS, ECONOMICAS Y CONTABLES",ADMINISTRACIÓN DE EMPRESAS,Integrante,0,https://scienti.minciencias.gov.co/cvlac/visualizador/generarCurriculoCv.do?cod_rh=0001635812,GORAS,2015-01-01, Actual,Doctorado,Investigador Senior (IS),dsuvvNEAAAAJ,2,8,1,0,0,0,0
FREDY DE JESUS FERNANDEZ MARQUEZ,DEPARTAMENTO DE IDENTIDAD AMIGONIANA Y FORMACION SOCIOHUMANISTICA,DERECHO,Integrante,5,https://scienti.minciencias.gov.co/cvlac/visualizador/generarCurriculoCv.do?cod_rh=0001312642,GORAS,2019-07-01, Actual,Doctorado,Investigador Junior (IJ),1aXOG-MAAAAJ,1,0,0,0,0,0,2
JUAN SANTIAGO CALLE PIEDRAHITA,"FACULTAD DE CIENCIAS ADMINISTRATIVAS, ECONOMICAS Y CONTABLES",ADMINISTRACIÓN DE EMPRESAS,Integrante,10,https://scienti.minciencias.gov.co/cvlac/visualizador/generarCurriculoCv.do?cod_rh=0001169017,GORAS,2019-01-01, Actual,Doctorado,Sin clasificar,sXijM8EAAAAJ,4,7,14,0,0,0,71
JUAN CAMILO GUILLEN BETANCUR,Otro,Otro,Integrante,5,https://scienti.minciencias.gov.co/cvlac/visualizador/generarCurriculoCv.do?cod_rh=0001866333,GORAS,2021-02-01, Actual,Especialización,Sin clasificar,NA,0,0,0,0,0,0,0
YAMARU DEL VALLE CHIRINOS ARAQUE,"FACULTAD DE CIENCIAS ADMINISTRATIVAS, ECONOMICAS Y CONTABLES",ADMINISTRACIÓN DE EMPRESAS,Integrante,0; 20; 0; 20,https://scienti.minciencias.gov.co/cvlac/visualizador/generarCurriculoCv.do?cod_rh=0000045844,GORAS; ECOSOL,2015-01-01; 2016-01-01, Actual,Doctorado,Investigador Senior (IS),NzpSyf0AAAAJ,6,6; 2,3; 0,0; 0,0; 0,3; 1,0; 0
ELVIGIA CARDONA ZULETA,FACULTAD DE DERECHO Y CIENCIAS POLITICAS,DERECHO,Integrante,10,https://scienti.minciencias.gov.co/cvlac/visualizador/generarCurriculoCv.do?cod_rh=0001461785,JURIDICAS Y SOCIALES,2019-08-01, Actual,Maestría/Magister,Sin clasificar,SteXGqYAAAAJ,3,1,2,0,0,0,19
DANY STEVEN GOMEZ AGUDELO,FACULTAD DE DERECHO Y CIENCIAS POLITICAS,DERECHO,Integrante,10,https://scienti.minciencias.gov.co/cvlac/visualizador/generarCurriculoCv.do?cod_rh=0000107135,JURIDICAS Y SOCIALES,2019-01-01, Actual,Maestría/Magister,Sin clasificar,YaysRIIAAAAJ,2,2,3,0,0,0,5
DAVID ANDRES DIEZ GOMEZ,CENTRO REGIONAL MANIZALES,DERECHO,Integrante,10,https://scienti.minciencias.gov.co/cvlac/visualizador/generarCurriculoCv.do?cod_rh=0000687235,JURIDICAS Y SOCIALES,2020-02-01, Actual,Doctorado,Investigador Junior (IJ),BQTiYNcAAAAJ,5,0,0,0,0,0,2
JORGE IVAN GAVIRIA MESA,FACULTAD DE DERECHO Y CIENCIAS POLITICAS,DERECHO,Integrante,10,https://scienti.minciencias.gov.co/cvlac/visualizador/generarCurriculoCv.do?cod_rh=0000009881,JURIDICAS Y SOCIALES,2013-03-01, Actual,Maestría/Magister,Investigador Junior (IJ),mh-AeYwAAAAJ,3,5,3,0,0,0,11
LAURA VICTORIA CARDENAS ROJAS,FACULTAD DE DERECHO Y CIENCIAS POLITICAS,DERECHO,Integrante,10,https://scienti.minciencias.gov.co/cvlac/visualizador/generarCurriculoCv.do?cod_rh=0001550884,JURIDICAS Y SOCIALES,2018-07-01, Actual,Maestría/Magister,Sin clasificar,VlC916UAAAAJ,1,0,0,0,0,0,58
MARIA ISABEL URIBE LOPEZ,FACULTAD DE DERECHO Y CIENCIAS POLITICAS,DERECHO,Integrante,5,https://scienti.minciencias.gov.co/cvlac/visualizador/generarCurriculoCv.do?cod_rh=0001632464,JURIDICAS Y SOCIALES,2020-02-01, Actual,Maestría/Magister,Sin clasificar,QbjM9m0AAAAJ,2,0,1,0,0,0,1
MAURICIO MEJIA LOBO,CENTRO REGIONAL MANIZALES,DERECHO,Integrante,5,https://scienti.minciencias.gov.co/cvlac/visualizador/generarCurriculoCv.do?cod_rh=0000621641,JURIDICAS Y SOCIALES,2020-02-01, Actual,Maestría/Magister,Sin clasificar,RCtbsjMAAAAJ,1,0,1,0,1,0,4
PAOLA ANDREA CARMONA TORO,CENTRO REGIONAL MANIZALES,PSICOLOGÍA,Integrante,10,https://scienti.minciencias.gov.co/cvlac/visualizador/generarCurriculoCv.do?cod_rh=0001469181,JURIDICAS Y SOCIALES,2019-08-01, Actual,Doctorado,Sin clasificar,NA,0,0,2,0,0,0,2
ROBERTO MAURICIO ROMERO CARDENAS,CENTRO REGIONAL MANIZALES,DERECHO,Integrante,10,https://scienti.minciencias.gov.co/cvlac/visualizador/generarCurriculoCv.do?cod_rh=0000080033,JURIDICAS Y SOCIALES,2017-09-01, Actual,Maestría/Magister,Sin clasificar,YdeOxzsAAAAJ,0,1,0,0,0,0,10
JENNIFFER LONDONO JURADO,CENTRO REGIONAL MANIZALES,DERECHO,Integrante,10,https://scienti.minciencias.gov.co/cvlac/visualizador/generarCurriculoCv.do?cod_rh=0000023226,JURIDICAS Y SOCIALES,2020-02-01, Actual,Maestría/Magister,Sin clasificar,XFBxR6kAAAAJ,1,1,0,0,0,0,9
JORGE EDUARDO VASQUEZ SANTAMARIA,FACULTAD DE DERECHO Y CIENCIAS POLITICAS,DERECHO,Integrante,10,https://scienti.minciencias.gov.co/cvlac/visualizador/generarCurriculoCv.do?cod_rh=0001228234,JURIDICAS Y SOCIALES,2019-01-01, Actual,Maestría/Magister,Investigador Asociado (I),v8GT-VAAAAAJ,7,28,17,3,0,0,24
JUAN ESTEBAN AGUIRRE ESPINOSA,Otro,Otro,Integrante,10,https://scienti.minciencias.gov.co/cvlac/visualizador/generarCurriculoCv.do?cod_rh=0001436904,JURIDICAS Y SOCIALES,2018-05-01, Actual,Maestría/Magister,Investigador Asociado (I),9QD3rjkAAAAJ,2,1,2,0,0,0,0
MAYDA SORAYA MARIN GALEANO,Otro,Otro,Integrante,10,https://scienti.minciencias.gov.co/cvlac/visualizador/generarCurriculoCv.do?cod_rh=0001373816,JURIDICAS Y SOCIALES,2019-09-01, Actual,Doctorado,Investigador Junior (IJ),1x5m4ywAAAAJ,5,1,0,0,0,0,6
NATALIA ANDREA ALZATE ALZATE,CENTRO REGIONAL BOGOTA,PSICOLOGÍA,Integrante,10; 10; 10; 10,https://scienti.minciencias.gov.co/cvlac/visualizador/generarCurriculoCv.do?cod_rh=0000964875,JURIDICAS Y SOCIALES; LUES,2019-08-01; 2020-01-01, Actual,Doctorado,Sin clasificar,sAljacYAAAAJ,1,1; 0,0; 0,0; 0,0; 0,0; 0,0; 0
JENNY MARCELA ACEVEDO VALENCIA,FACULTAD DE EDUCACIÓN Y HUMANIDADES,LICENCIATURA EN EDUCACIÓN INFANTIL,Integrante,10; 20; 10; 20,https://scienti.minciencias.gov.co/cvlac/visualizador/generarCurriculoCv.do?cod_rh=0001186337,JURIDICAS Y SOCIALES; LUES,2019-08-01; 2014-11-01, Actual,Maestría/Magister,Sin clasificar,ul0fN9wAAAAJ,4,1; 8,1; 4,0; 3,0; 0,0; 0,4; 36
ALFREDO MANUEL GHISO COTOS,Otro,Otro,Integrante,4,https://scienti.minciencias.gov.co/cvlac/visualizador/generarCurriculoCv.do?cod_rh=0000020192,LUES,1999-01-01, Actual,CvLAC oculto,CvLAC oculto,Cj2hqc4AAAAJ,3,33,32,12,0,0,5
ANGELA MARIA VELASQUEZ VELASQUEZ,Otro,Otro,Integrante,20,https://scienti.minciencias.gov.co/cvlac/visualizador/generarCurriculoCv.do?cod_rh=0000117510,LUES,2017-01-01, Actual,Doctorado,Investigador Junior (IJ),BbHGEOcAAAAJ,3,0,1,0,0,0,22
OLBER EDUARDO ARANGO TOBON,FACULTAD DE PSICOLOGIA Y CIENCIAS SOCIALES,PSICOLOGÍA,Integrante,,https://scienti.minciencias.gov.co/cvlac/visualizador/generarCurriculoCv.do?cod_rh=0000412228,NEUROCIENCIAS BASICAS Y APLICADAS,2010-02-01, Actual,Doctorado,Investigador Asociado (I),nIWo18gAAAAJ,9,12,2,1,0,0,36
JULIO ANTONIO OLIVERA LA ROSA,FACULTAD DE PSICOLOGIA Y CIENCIAS SOCIALES,PSICOLOGÍA,Integrante,8,https://scienti.minciencias.gov.co/cvlac/visualizador/generarCurriculoCv.do?cod_rh=0001578351,NEUROCIENCIAS BASICAS Y APLICADAS,2014-07-01, Actual,Doctorado,Investigador Senior (IS),p1jzZwMAAAAJ,10,14,0,0,0,0,9
CATALINA QUINTERO LOPEZ,FACULTAD DE PSICOLOGIA Y CIENCIAS SOCIALES,PSICOLOGÍA,Integrante,4,https://scienti.minciencias.gov.co/cvlac/visualizador/generarCurriculoCv.do?cod_rh=0000921602,NEUROCIENCIAS BASICAS Y APLICADAS,2019-07-01, Actual,Maestría/Magister,Sin clasificar,jp1wLg4AAAAJ,1,13,3,0,1,1,2
CESAR ANDRES CARMONA CARDONA,FACULTAD DE PSICOLOGIA Y CIENCIAS SOCIALES,PSICOLOGÍA,Integrante,0,https://scienti.minciencias.gov.co/cvlac/visualizador/generarCurriculoCv.do?cod_rh=0000021118,NEUROCIENCIAS BASICAS Y APLICADAS,2019-07-01, Actual,Pregrado/Universitario,Sin clasificar,LN9Fg-8AAAAJ,0,1,0,0,0,0,0
CLAUDIA MARCELA ARANA MEDINA,FACULTAD DE EDUCACIÓN Y HUMANIDADES,LICENCIATURA EN EDUCACIÓN INFANTIL,Integrante,4,https://scienti.minciencias.gov.co/cvlac/visualizador/generarCurriculoCv.do?cod_rh=0001360885,NEUROCIENCIAS BASICAS Y APLICADAS,2010-02-01, Actual,Doctorado,Investigador Asociado (I),bEplYn8AAAAJ,7,9,7,0,0,4,20
DANIEL ALFREDO LANDINEZ MARTINEZ,CENTRO REGIONAL MANIZALES,PSICOLOGÍA,Integrante,4,https://scienti.minciencias.gov.co/cvlac/visualizador/generarCurriculoCv.do?cod_rh=0001572030,NEUROCIENCIAS BASICAS Y APLICADAS,2017-03-01, Actual,Maestría/Magister,Investigador Junior (IJ),HWzOMPwAAAAJ,4,8,0,0,1,0,11
JHON FELIPE ARIAS VALENCIA,CENTRO REGIONAL MANIZALES,PSICOLOGÍA,Integrante,5,https://scienti.minciencias.gov.co/cvlac/visualizador/generarCurriculoCv.do?cod_rh=0001413627,NEUROCIENCIAS BASICAS Y APLICADAS,2021-07-01, Actual,Maestría/Magister,Sin clasificar,NA,0,0,0,0,0,0,0
JUAN DIEGO BETANCUR ARIAS,FACULTAD DE PSICOLOGIA Y CIENCIAS SOCIALES,PSICOLOGÍA,Integrante,0,https://scienti.minciencias.gov.co/cvlac/visualizador/generarCurriculoCv.do?cod_rh=0000988928,NEUROCIENCIAS BASICAS Y APLICADAS,2015-02-01, Actual,Doctorado,Investigador Senior (IS),Rb881xwAAAAJ,4,6,2,1,0,42,30
OMAR AUGUSTO AMADOR SANCHEZ,FACULTAD DE PSICOLOGIA Y CIENCIAS SOCIALES,PSICOLOGÍA,Integrante,4,https://scienti.minciencias.gov.co/cvlac/visualizador/generarCurriculoCv.do?cod_rh=0001338634,NEUROCIENCIAS BASICAS Y APLICADAS,2019-08-01, Actual,Maestría/Magister,Sin clasificar,2EdSYP0AAAAJ,4,2,0,0,0,1,0
PAULA ANDREA MONTOYA ZULUAGA,FACULTAD DE PSICOLOGIA Y CIENCIAS SOCIALES,PSICOLOGÍA,Integrante,5,https://scienti.minciencias.gov.co/cvlac/visualizador/generarCurriculoCv.do?cod_rh=0000470872,NEUROCIENCIAS BASICAS Y APLICADAS,2010-02-01, Actual,Doctorado,Investigador Junior (IJ),_SE2G3UAAAAJ,4,7,8,0,0,0,23
GABRIEL DAVID PINILLA MONSALVE,Otro,Otro,Integrante,4,https://scienti.minciencias.gov.co/cvlac/visualizador/generarCurriculoCv.do?cod_rh=0001405663,NEUROCIENCIAS BASICAS Y APLICADAS,2017-03-01, Actual,Especialización,Investigador Junior (IJ),fG4eYhYAAAAJ,10,9,0,0,0,0,0
ISABEL CRISTINA PUERTA LOPERA,Otro,Otro,Integrante,10,https://scienti.minciencias.gov.co/cvlac/visualizador/generarCurriculoCv.do?cod_rh=0000045683,NEUROCIENCIAS BASICAS Y APLICADAS,2011-03-01, Actual,Doctorado,Investigador Senior (IS),I7x7Oo8AAAAJ,10,16,0,0,0,4,3
ANYERSON STITHS GOMEZ TABARES,CENTRO REGIONAL MANIZALES,PSICOLOGÍA,Integrante,5; 20; 5; 20,https://scienti.minciencias.gov.co/cvlac/visualizador/generarCurriculoCv.do?cod_rh=0001583946,NEUROCIENCIAS BASICAS Y APLICADAS; ESTUDIOS DE FENOMENOS PSICOSOCIALES,2020-09-01; 2015-07-01, Actual,Maestría/Magister,Sin clasificar,504O9wUAAAAJ,10,1; 16,0; 4,0; 1,0; 0,0; 0,0; 20
YAMILE CARDONA MAYA,DEPARTAMENTO DE CIENCIAS BASICAS,CONTADURÍA PÚBLICA,Integrante,4,https://scienti.minciencias.gov.co/cvlac/visualizador/generarCurriculoCv.do?cod_rh=0001376475,SISCO,2018-01-01, Actual,Doctorado,Investigador Junior (IJ),Y2p7DZwAAAAJ,4,4,0,0,0,0,0
MARIA JULIA NIETO CALLEJAS,FACULTAD DE INGENIERÍAS Y ARQUITECTURA,INGENIERÍA CIVIL,Integrante,4,https://scienti.minciencias.gov.co/cvlac/visualizador/generarCurriculoCv.do?cod_rh=0000005825,SISCO,2018-08-01, Actual,Maestría/Magister,Sin clasificar,XuxhAV0AAAAJ,1,0,0,0,0,0,1
MAURICIO LOPEZ BONILLA,DEPARTAMENTO DE CIENCIAS BASICAS,PSICOLOGÍA,Integrante,6,https://scienti.minciencias.gov.co/cvlac/visualizador/generarCurriculoCv.do?cod_rh=0001381737,SISCO,2011-06-01, Actual,Maestría/Magister,Sin clasificar,lQqAfmwAAAAJ,4,5,0,1,4,0,1
SARA MARIA AGUILAR SIERRA,FACULTAD DE INGENIERÍAS Y ARQUITECTURA,INGENIERÍA INDUSTRIAL,Integrante,8,https://scienti.minciencias.gov.co/cvlac/visualizador/generarCurriculoCv.do?cod_rh=0001432936,SISCO,2018-02-01, Actual,Doctorado,Sin clasificar,_RFI4pkAAAAJ,3,2,0,0,0,0,2
SHIRLENE PATRICIA VEGA ROYERO,DEPARTAMENTO DE CIENCIAS BASICAS,INGENIERÍA DE SISTEMAS,Integrante,2,https://scienti.minciencias.gov.co/cvlac/visualizador/generarCurriculoCv.do?cod_rh=0001436238,SISCO,2015-11-01, Actual,Doctorado,Investigador Junior (IJ),yQ7g9xUAAAAJ,3,5,0,0,0,1,0
SUYIS YAJAIRA LOZANO GARCIA,CENTRO REGIONAL APARTADO,INGENIERÍA DE SISTEMAS,Integrante,5,https://scienti.minciencias.gov.co/cvlac/visualizador/generarCurriculoCv.do?cod_rh=0001610177,SISCO,2020-07-01, Actual,Maestría/Magister,Sin clasificar,z1vjdF0AAAAJ,0,0,0,0,0,0,0
YODER ALBERTO SUAZA TABARES,DEPARTAMENTO DE CIENCIAS BASICAS,NEGOCIOS INTERNACIONALES,Integrante,8,https://scienti.minciencias.gov.co/cvlac/visualizador/generarCurriculoCv.do?cod_rh=0000009408,SISCO,2019-07-01, Actual,Doctorado,Sin clasificar,NA,0,2,0,0,0,0,0
ANDRES MAURICIO GRISALES AGUIRRE,CENTRO REGIONAL MANIZALES,NEGOCIOS INTERNACIONALES,Integrante,3,https://scienti.minciencias.gov.co/cvlac/visualizador/generarCurriculoCv.do?cod_rh=0001436256,SISCO,2015-11-01, Actual,Maestría/Magister,Sin clasificar,-urmP7EAAAAJ,4,5,0,0,0,0,0
EDGAR ANDRES CHAVARRIAGA MIRANDA,DEPARTAMENTO DE CIENCIAS BASICAS,NEGOCIOS INTERNACIONALES,Integrante,4,https://scienti.minciencias.gov.co/cvlac/visualizador/generarCurriculoCv.do?cod_rh=0001405175,SISCO,2018-01-01, Actual,Doctorado,Investigador Junior (IJ),qSOzbFwAAAAJ,3,16,0,0,0,0,0
FRANKLIN FERRARO GOMEZ,DEPARTAMENTO DE CIENCIAS BASICAS,INGENIERÍA DE SISTEMAS,Integrante,6,https://scienti.minciencias.gov.co/cvlac/visualizador/generarCurriculoCv.do?cod_rh=0000651532,SISCO,2013-07-01, Actual,Doctorado,Investigador Junior (IJ),DNeZOJUAAAAJ,11,19,0,0,0,0,1
INGRID DURLEY TORRES PARDO,FACULTAD DE INGENIERÍAS Y ARQUITECTURA,INGENIERÍA DE SISTEMAS,Integrante,10,https://scienti.minciencias.gov.co/cvlac/visualizador/generarCurriculoCv.do?cod_rh=0001404075,SISCO,2018-01-01, Actual,Doctorado,Investigador Junior (IJ),nchHazIAAAAJ,6,10,1,0,16,0,6
LINA MARIA MONTOYA SUAREZ,FACULTAD DE INGENIERÍAS Y ARQUITECTURA,INGENIERÍA DE SISTEMAS,Integrante,4,https://scienti.minciencias.gov.co/cvlac/visualizador/generarCurriculoCv.do?cod_rh=0001456255,SISCO,2014-04-01, Actual,Maestría/Magister,Investigador Asociado (I),7Y-8siIAAAAJ,5,9,2,0,6,0,0
LUIS FERNANDO CARDONA PALACIO,DEPARTAMENTO DE CIENCIAS BASICAS,INGENIERÍA DE SISTEMAS,Integrante,4,https://scienti.minciencias.gov.co/cvlac/visualizador/generarCurriculoCv.do?cod_rh=0001472696,SISCO,2014-07-01, Actual,Doctorado,Investigador Junior (IJ),hOgH7HAAAAAJ,4,5,0,0,0,0,0
JUAN SEBASTIAN PARRA SANCHEZ,Otro,Otro,Integrante,5,https://scienti.minciencias.gov.co/cvlac/visualizador/generarCurriculoCv.do?cod_rh=0000072898,SISCO,2020-05-01, Actual,Maestría/Magister,Sin clasificar,NA,0,0,0,0,0,0,0
VICTOR DANIEL GIL VERA,FACULTAD DE INGENIERÍAS Y ARQUITECTURA,INGENIERÍA DE SISTEMAS,Integrante,10; 8; 4; 10; 8; 4; 10; 8; 4,https://scienti.minciencias.gov.co/cvlac/visualizador/generarCurriculoCv.do?cod_rh=0001482462,SISCO; GORAS; NEUROCIENCIAS BASICAS Y APLICADAS,2014-01-01; 2014-12-01; 2014-08-01, Actual,Maestría/Magister,Investigador Asociado (I),1-4BHH8AAAAJ,6,19; 4; 15,5; 0; 7,0; 0; 0,10; 0; 1,0; 0; 1,7; 0; 5
CARLOS ANDRES TREJOS GIL,"FACULTAD DE COMUNICACIÓN, PUBLICIDAD Y DISEÑO",COMUNICACIÓN SOCIAL,Integrante,20,https://scienti.minciencias.gov.co/cvlac/visualizador/generarCurriculoCv.do?cod_rh=0000173459,URBANITAS,2018-02-01, Actual,Maestría/Magister,Sin clasificar,Hw7ZjsEAAAAJ,1,7,0,0,1,0,6
CARLOS SUAREZ QUICENO,"FACULTAD DE COMUNICACIÓN, PUBLICIDAD Y DISEÑO",COMUNICACIÓN SOCIAL,Integrante,11,https://scienti.minciencias.gov.co/cvlac/visualizador/generarCurriculoCv.do?cod_rh=0000485446,URBANITAS,2008-02-01, Actual,Doctorado,Investigador Junior (IJ),1ATgz8UAAAAJ,0,1,7,3,16,0,2
EDWIN ANDRES SEPULVEDA CARDONA,"FACULTAD DE COMUNICACIÓN, PUBLICIDAD Y DISEÑO",COMUNICACIÓN SOCIAL,Integrante,22,https://scienti.minciencias.gov.co/cvlac/visualizador/generarCurriculoCv.do?cod_rh=0000703338,URBANITAS,2005-08-01, Actual,Doctorado,Investigador Asociado (I),KH7yFUsAAAAJ,4,5,16,3,14,0,14
JHOEEN SNEYDER ROJAS DIAZ,"FACULTAD DE COMUNICACIÓN, PUBLICIDAD Y DISEÑO",COMUNICACIÓN SOCIAL,Integrante,20,https://scienti.minciencias.gov.co/cvlac/visualizador/generarCurriculoCv.do?cod_rh=0001317040,URBANITAS,2017-02-01, Actual,Maestría/Magister,Sin clasificar,SuGmv1UAAAAJ,1,1,1,1,0,13,0
JUAN DIEGO LOPEZ MEDINA,"FACULTAD DE COMUNICACIÓN, PUBLICIDAD Y DISEÑO",PUBLICIDAD,Integrante,10,https://scienti.minciencias.gov.co/cvlac/visualizador/generarCurriculoCv.do?cod_rh=0001206427,URBANITAS,2015-02-01, Actual,Doctorado,Sin clasificar,5rZW9KcAAAAJ,2,3,7,2,0,5,38
KEVIN TORO PERALTA,CENTRO REGIONAL MANIZALES,COMUNICACIÓN SOCIAL,Integrante,10,https://scienti.minciencias.gov.co/cvlac/visualizador/generarCurriculoCv.do?cod_rh=0000025642,URBANITAS,2021-08-01, Actual,Maestría/Magister,Sin clasificar,NA,0,0,0,0,0,0,0
LINA MARIA RENDON LOPEZ,"FACULTAD DE COMUNICACIÓN, PUBLICIDAD Y DISEÑO",COMUNICACIÓN SOCIAL,Integrante,10,https://scienti.minciencias.gov.co/cvlac/visualizador/generarCurriculoCv.do?cod_rh=0001376578,URBANITAS,2020-02-01, Actual,Doctorado,Investigador Asociado (I),6uKvLyYAAAAJ,6,0,0,0,0,0,0
